{
  "prices": [
   {
      "localized_display_name": "UberAuto",
      "distance": 2.8,
      "display_name": "UberAuto",
      "product_id": "3ab64887-4842-4c8e-9780-ccecd3a0391d",
      "high_estimate": 85,
      "low_estimate": 70,
      "duration": 600,
      "estimate": "60-75",
      "currency_code": "INR"
    },
    {
      "localized_display_name": "POOL",
      "distance": 2.8,
      "display_name": "POOL",
      "product_id": "26546650-e557-4a7b-86e7-6a3942445247",
      "high_estimate": 75,
      "low_estimate": 65,
      "duration": 900,
      "estimate": "70-90",
      "currency_code": "INR"
    },
    {
      "localized_display_name": "uberGo",
      "distance": 2.8,
      "display_name": "uberGo",
      "product_id": "a1111c8c-c720-46c3-8534-2fcdd730040d",
      "high_estimate": 70,
      "low_estimate": 50,
      "duration": 600,
      "estimate": "90-110",
      "currency_code": "INR"
    },
    {
      "localized_display_name": "uberXL",
      "distance": 2.8,
      "display_name": "uberXL",
      "product_id": "821415d8-3bd5-4e27-9604-194e4359a449",
      "high_estimate": 100,
      "low_estimate": 80,
      "duration": 600,
      "estimate": "180-200",
      "currency_code": "INR"
    },
    {
      "localized_display_name": "PREMIER",
      "distance": 2.8,
      "display_name": "Premier",
      "product_id": "57c0ff4e-1493-4ef9-a4df-6b961525cf92",
      "high_estimate": 90,
      "low_estimate": 80,
      "duration": 600,
      "estimate": "120-140",
      "currency_code": "INR"
    }
   
  ]
}