{
	"info": {
		"_postman_id": "af2e7ca6-f101-4061-abf3-5f81672b568a",
		"name": "Process API Demo",
		"schema": "https://schema.getpostman.com/json/collection/v2.1.0/collection.json"
	},
	"item": [
		{
			"name": "Google",
			"item": [
				{
					"name": "Distance Matrix",
					"request": {
						"method": "GET",
						"header": [],
						"url": {
							"raw": "http://google-distance-system-app.sg-s1.cloudhub.io/api/distancematrix/json?origins=dummy&destinations=dummy&key=dummy",
							"protocol": "http",
							"host": [
								"google-distance-system-app",
								"sg-s1",
								"cloudhub",
								"io"
							],
							"path": [
								"api",
								"distancematrix",
								"json"
							],
							"query": [
								{
									"key": "origins",
									"value": "dummy"
								},
								{
									"key": "destinations",
									"value": "dummy"
								},
								{
									"key": "key",
									"value": "dummy"
								}
							]
						}
					},
					"response": []
				},
				{
					"name": "Find Places",
					"request": {
						"method": "GET",
						"header": [],
						"url": {
							"raw": "http://google-places-sys-api.sg-s1.cloudhub.io/findplacefromtext/json?input=Museum+of+Contemporary+Art+Australia&inputtype=text&key=abcd",
							"protocol": "http",
							"host": [
								"google-places-sys-api",
								"sg-s1",
								"cloudhub",
								"io"
							],
							"path": [
								"findplacefromtext",
								"json"
							],
							"query": [
								{
									"key": "input",
									"value": "Museum+of+Contemporary+Art+Australia"
								},
								{
									"key": "inputtype",
									"value": "text"
								},
								{
									"key": "key",
									"value": "abcd"
								}
							]
						}
					},
					"response": []
				}
			]
		},
		{
			"name": "Zomato",
			"item": [
				{
					"name": "Zomato Search",
					"request": {
						"method": "GET",
						"header": [
							{
								"key": "Co-Relation-Id",
								"value": "12345",
								"type": "text"
							},
							{
								"key": "User-Key",
								"value": "b81c8648816536bb5980f854ee4f790b",
								"type": "text"
							},
							{
								"key": "Lat",
								"value": "18.7636930740",
								"type": "text"
							},
							{
								"key": "Lon",
								"value": "84.4189087674",
								"type": "text"
							}
						],
						"url": {
							"raw": "zomato-sys-api.sg-s1.cloudhub.io/search",
							"host": [
								"zomato-sys-api",
								"sg-s1",
								"cloudhub",
								"io"
							],
							"path": [
								"search"
							]
						}
					},
					"response": []
				}
			]
		},
		{
			"name": "Priceless Special",
			"item": [
				{
					"name": "PS Offers",
					"request": {
						"method": "GET",
						"header": [
							{
								"key": "Authorization",
								"value": "auth",
								"type": "text"
							},
							{
								"key": "Co-Relation-Id",
								"value": "12345",
								"equals": true
							}
						],
						"url": {
							"raw": "http://priceless-specials-sys-api.sg-s1.cloudhub.io/offers",
							"protocol": "http",
							"host": [
								"priceless-specials-sys-api",
								"sg-s1",
								"cloudhub",
								"io"
							],
							"path": [
								"offers"
							]
						}
					},
					"response": []
				}
			]
		},
		{
			"name": "Process API GET offers Local",
			"request": {
				"method": "GET",
				"header": [],
				"url": {
					"raw": "http://localhost:8081/api/offers?coordinates=1.2992265,103.8580397",
					"protocol": "http",
					"host": [
						"localhost"
					],
					"port": "8081",
					"path": [
						"api",
						"offers"
					],
					"query": [
						{
							"key": "coordinates",
							"value": "1.2992265,103.8580397"
						}
					]
				}
			},
			"response": []
		}
	]
}