{
	"id": "8a6e7bc6-1499-43bc-bfa8-ea3190628104",
	"name": "zomato-qa",
	"values": [
		{
			"key": "api-key",
			"value": "7551e1b7aac1cb39267c91a92184885f",
			"enabled": true
		},
		{
			"key": "zomato_dev",
			"value": "developers.zomato.com",
			"enabled": true
		},
		{
			"key": "api_version",
			"value": "v2.1",
			"enabled": true
		},
		{
			"key": "cat",
			"value": 10,
			"enabled": true
		},
		{
			"key": "cusine1",
			"value": 40,
			"enabled": true
		},
		{
			"key": "ent_id",
			"value": 11337,
			"enabled": true
		},
		{
			"key": "ent_type",
			"value": "city",
			"enabled": true
		},
		{
			"key": "est_type",
			"value": 5,
			"enabled": true
		},
		{
			"key": "order",
			"value": "desc",
			"enabled": true
		},
		{
			"key": "sort",
			"value": "rating",
			"enabled": true
		},
		{
			"key": "res_id",
			"value": 18893355,
			"enabled": true
		}
	],
	"_postman_variable_scope": "environment",
	"_postman_exported_at": "2019-06-04T11:08:26.420Z",
	"_postman_exported_using": "Postman/7.1.1"
}