{
	"id": "8050c0b4-8478-4721-9d65-64a272fa339c",
	"name": "zomato_mc",
	"values": [
		{
			"key": "api-key",
			"value": "7551e1b7aac1cb39267c91a92184885f",
			"enabled": true
		},
		{
			"key": "co-rel-id",
			"value": "123e4567-e89b-12d3-a456-426655440000",
			"enabled": true
		},
		{
			"key": "surya-env-1",
			"value": "surya-zomato.sg-s1.cloudhub.io",
			"enabled": true
		},
		{
			"key": "cat",
			"value": 10,
			"enabled": true
		},
		{
			"key": "cusine1",
			"value": 100,
			"enabled": true
		},
		{
			"key": "ent_id",
			"value": 11337,
			"enabled": true
		},
		{
			"key": "ent_type",
			"value": "city",
			"enabled": true
		},
		{
			"key": "est_type",
			"value": 1,
			"enabled": true
		},
		{
			"key": "order",
			"value": "desc",
			"enabled": true
		},
		{
			"key": "sort",
			"value": "rating",
			"enabled": true
		}
	],
	"_postman_variable_scope": "environment",
	"_postman_exported_at": "2019-06-04T11:07:29.024Z",
	"_postman_exported_using": "Postman/7.1.1"
}