{
	"id": "17f16b91-572c-4c6b-aba0-1d32994b4686",
	"name": "anypointstudio-mock",
	"values": [
		{
			"key": "host",
			"value": "https://anypoint.mulesoft.com",
			"enabled": true
		},
		{
			"key": "type",
			"value": "mocking/api/v1/links",
			"enabled": true
		},
		{
			"key": "key",
			"value": "c91d8791-d984-48d5-815a-96c3eda0b689",
			"enabled": true
		},
		{
			"key": "end_point_getRTR",
			"value": "getRTRPreferences",
			"enabled": true
		},
		{
			"key": "app_id",
			"value": "00102066940000000000",
			"enabled": true
		},
		{
			"key": "institution_name",
			"value": "partner Bank",
			"enabled": true
		},
		{
			"key": "end_point_rA",
			"value": "reprocessAuthorizations",
			"enabled": true
		},
		{
			"key": "end_point_qa",
			"value": "queueAuthTransaction",
			"enabled": true
		},
		{
			"key": "end_point_pc",
			"value": "postClearingTransaction",
			"enabled": true
		},
		{
			"key": "putBody",
			"value": "",
			"enabled": true
		}
	],
	"_postman_variable_scope": "environment",
	"_postman_exported_at": "2019-06-20T05:24:29.584Z",
	"_postman_exported_using": "Postman/7.2.0"
}