{
	"id": "a6adc98d-825e-4449-ac9a-3238a1ff3e1f",
	"name": "MockTestingEnv",
	"values": [
		{
			"key": "merchantName",
			"value": "",
			"enabled": true
		},
		{
			"key": "category",
			"value": "",
			"enabled": true
		},
		{
			"key": "distance",
			"value": "",
			"enabled": true
		},
		{
			"key": "language",
			"value": "",
			"enabled": true
		},
		{
			"key": "lat",
			"value": "",
			"enabled": true
		},
		{
			"key": "lon",
			"value": "",
			"enabled": true
		},
		{
			"key": "offerPercentage",
			"value": "",
			"enabled": true
		},
		{
			"key": "reviewRating",
			"value": "",
			"enabled": true
		},
		{
			"key": "reviewSource",
			"value": "",
			"enabled": true
		}
	],
	"_postman_variable_scope": "environment",
	"_postman_exported_at": "2019-06-20T12:57:48.379Z",
	"_postman_exported_using": "Postman/7.2.0"
}