{
  "hotspot_zone": {
    "is_hotpot_zone": true,
    "desc": "Cafe Coffee Day",
    "default_pickup_point_id": 10885,
    "hotspot_boundary": [
      [
        18.5512560,
        73.6472134
      ],
      [
        18.5512589,
        73.6472123
      ],
      [
        18.5512595,
        73.6472145
      ]
    ],
    "pickup_points": [
      {
        "lat": 18.550345,
        "lng": 73.890871,
        "name": "Bussniess bay gate 4",
        "id": 10885
      },
      {
        "lat": 18.551277,
        "lng": 73.889559,
        "name": "Bussniess bay gate 2",
        "id": 10886
      }
    ]
  },
  "categories": [
    {
      "id": "auto",
      "display_name": "Auto",
      "currency": "INR",
      "distance_unit": "kilometre",
      "time_unit": "minute",
      "eta": 1,
      "distance": "0.2",
      "ride_later_enabled": "false",
      "image": "http://d1foexe15giopy.cloudfront.net/auto.png",
      "hotspot_pickup_points": [
        10885,
        10886
      ],
      "cancellation_policy": {
        "cancellation_charge": 15,
        "currency": "INR",
        "cancellation_charge_applies_after_time": 5,
        "time_unit": "minute"
      },
      "fare_breakup": [
        {
          "type": "flat_rate",
          "minimum_distance": 0,
          "minimum_time": 0,
          "base_fare": 50,
          "minimum_fare": 60,
          "cost_per_distance": 8,
          "waiting_cost_per_minute": 0,
          "ride_cost_per_minute": 1,
          "surcharge": [],
          "rates_lower_than_usual": false,
          "rates_higher_than_usual": false
        }
      ],
      "all_cabs": [
        {
          "lat": 18.5512560,
          "lng": 73.8908715,
          "id": "e0e7ba15f7249157c1d77ec07c1c06",
          "bearing": 534,
          "accuracy": 15
        },
        {
          "lat": 18.5512562,
          "lng": 73.8908716,
          "id": "15f7249157c1d77e9157c1c0601d6c9c",
          "bearing": 135,
          "accuracy": 10
        },
        {
          "lat": 18.5512563,
          "lng": 73.8908714,
          "id": "15f7249157c1d77e9157c1c0601d6c9c",
          "bearing": 131,
          "accuracy": 15
        },
        {
          "lat": 18.5512578,
          "lng": 73.8908713,
          "id": "15f7249157c1d77e9157c1c0601d6c9c",
          "bearing": 115,
          "accuracy": 13
        },
        {
          "lat": 18.5512589,
          "lng": 73.8908715,
          "id": "15f7249157c1d77e9157c1c0601d6c9c",
          "bearing": 115,
          "accuracy": 13
        }
      ]
    },
    {
      "id": "micro",
      "display_name": "Micro",
      "currency": "INR",
      "distance_unit": "kilometre",
      "time_unit": "minute",
      "eta": 3,
      "distance": "0.3",
      "ride_later_enabled": "false",
      "image": "http://d1foexe15giopy.cloudfront.net/auto.png",
      "hotspot_pickup_points": [
        10885,
		10886
      ],
      "cancellation_policy": {
        "cancellation_charge": 15,
        "currency": "INR",
        "cancellation_charge_applies_after_time": 5,
        "time_unit": "minute"
      },
      "fare_breakup": [
        {
          "type": "flat_rate",
          "minimum_distance": 0,
          "minimum_time": 0,
          "base_fare": 70,
          "minimum_fare": 90,
          "cost_per_distance": 10,
          "waiting_cost_per_minute": 2,
          "ride_cost_per_minute": 3,
          "surcharge": [],
          "rates_lower_than_usual": false,
          "rates_higher_than_usual": true
        }
      ],
      "all_cabs": [
        {
          "lat": 18.5512562,
          "lng": 73.8908713,
          "id": "e0e7ba15f7249157c1d77ec07c1c06",
          "bearing": 534,
          "accuracy": 15
        },
        {
          "lat": 18.5512562,
          "lng": 73.8908713,
          "id": "15f7249157c1d77e9157c1c0601d6c9c",
          "bearing": 135,
          "accuracy": 10
        },
        {
          "lat": 18.5512562,
          "lng": 73.8908713,
          "id": "15f7249157c1d77e9157c1c0601d6c9c",
          "bearing": 132,
          "accuracy": 15
        }
      ]
    },
    {
      "id": "mini",
      "display_name": "Mini",
      "currency": "INR",
      "distance_unit": "kilometre",
      "time_unit": "minute",
      "eta": 5,
      "distance": "0.5",
      "ride_later_enabled": "false",
      "image": "http://d1foexe15giopy.cloudfront.net/auto.png",
      "hotspot_pickup_points": [
        10885,
        10886
      ],
      "cancellation_policy": {
        "cancellation_charge": 15,
        "currency": "INR",
        "cancellation_charge_applies_after_time": 5,
        "time_unit": "minute"
      },
      "fare_breakup": [
        {
          "type": "flat_rate",
          "minimum_distance": 0,
          "minimum_time": 0,
          "base_fare": 80,
          "minimum_fare": 100,
          "cost_per_distance": 12,
          "waiting_cost_per_minute": 2,
          "ride_cost_per_minute": 3,
          "surcharge": [],
          "rates_lower_than_usual": false,
          "rates_higher_than_usual": true
        }
      ],
      "all_cabs": [
        {
          "lat": 18.5512562,
          "lng": 73.8908734,
          "id": "e0e7ba15f7249157c1d77ec07c1c06",
          "bearing": 532,
          "accuracy": 15
        },
        {
          "lat": 18.5512562,
          "lng": 73.8908745,
          "id": "15f7249157c1d77e9157c1c0601d6c9c",
          "bearing": 130,
          "accuracy": 10
        },
        {
          "lat": 18.5512562,
          "lng": 73.8908746,
          "id": "15f7249157c1d77e9157c1c0601d6c9c",
          "bearing": 131,
          "accuracy": 15
        }
      ]
    },
    {
      "id": "prime",
      "display_name": "Prime",
      "currency": "INR",
      "distance_unit": "kilometre",
      "time_unit": "minute",
      "eta": 4,
      "distance": "0.4",
      "ride_later_enabled": "false",
      "image": "http://d1foexe15giopy.cloudfront.net/auto.png",
      "hotspot_pickup_points": [
        10885,
        10886
      ],
      "cancellation_policy": {
        "cancellation_charge": 15,
        "currency": "INR",
        "cancellation_charge_applies_after_time": 5,
        "time_unit": "minute"
      },
      "fare_breakup": [
        {
          "type": "flat_rate",
          "minimum_distance": 0,
          "minimum_time": 0,
          "base_fare": 115,
          "minimum_fare": 135,
          "cost_per_distance": 12,
          "waiting_cost_per_minute": 2,
          "ride_cost_per_minute": 3,
          "surcharge": [],
          "rates_lower_than_usual": false,
          "rates_higher_than_usual": true
        }
      ],
      "all_cabs": [
        {
          "lat": 18.5512561,
          "lng": 73.8908753,
          "id": "e0e7ba15f7249157c1d77ec07c1c06",
          "bearing": 532,
          "accuracy": 15
        },
        {
          "lat": 18.5512569,
          "lng": 73.8908743,
          "id": "15f7249157c1d77e9157c1c0601d6c9c",
          "bearing": 130,
          "accuracy": 10
        },
        {
          "lat": 18.5512589,
          "lng": 73.8908733,
          "id": "15f7249157c1d77e9157c1c0601d6c9c",
          "bearing": 131,
          "accuracy": 15
        },
        {
          "lat": 18.5512561,
          "lng": 73.8908723,
          "id": "15f7249157c1d77e9157c1c0601d6c9c",
          "bearing": 115,
          "accuracy": 13
        }
      ]
    },
    {
      "id": "share",
      "display_name": "Share",
      "currency": "INR",
      "distance_unit": "kilometre",
      "time_unit": "minute",
      "eta": 9,
      "distance": "0.9",
      "ride_later_enabled": "false",
      "image": "http://d1foexe15giopy.cloudfront.net/auto.png",
      "hotspot_pickup_points": [
        10885,
        10886
      ],
      "cancellation_policy": {
        "cancellation_charge": 15,
        "currency": "INR",
        "cancellation_charge_applies_after_time": 5,
        "time_unit": "minute"
      },
      "fare_breakup": [
        {
          "type": "flat_rate",
          "minimum_distance": 0,
          "minimum_time": 0,
          "base_fare": 80,
          "minimum_fare": 90,
          "cost_per_distance": 8,
          "waiting_cost_per_minute": 2,
          "ride_cost_per_minute": 3,
          "surcharge": [],
          "rates_lower_than_usual": false,
          "rates_higher_than_usual": true
        }
      ],
      "all_cabs": [
        {
          "lat": 18.5512523,
          "lng": 73.8908723,
          "id": "e0e7ba15f7249157c1d77ec07c1c06",
          "bearing": 240,
          "accuracy": 10
        },
        {
          "lat": 18.5512567,
          "lng": 73.8908231,
          "id": "15f7249157c1d77e9157c1c0601d6c9c",
          "bearing": 160,
          "accuracy": 30
        }
      ]
    }
  ],
  "ride_estimate": [
    {
      "category": "auto",
      "distance": 1.6,
      "travel_time_in_minutes": 15,
      "amount_min": 30,
      "amount_max": 40,
      "booking_fee": 30,
      "booking_fee_breakup": [
        {
          "display_text": "Advance Booking Fee",
          "value": 30
        }
      ],
      "taxes": {
        "total_tax": 11.87
      },
      "hub_charges": {
        "total_hub_fee": 40,
        "pickup_hub_fee": 40,
        "pickup_hub_name": "Ola pick up charge"
      },
      "discounts": {
        "discount_type": "custom",
        "discount_code": "BLR29",
        "discount_mode": "AUTO",
        "discount": 0,
        "cashback": 0,
        "pass_savings": 16
      },
      "upfront": {
        "fare": 238,
        "fare_id": "1:000008:50002738-7241",
        "is_upfront_applicable": true
      }
    },
    {
      "category": "micro",
      "distance": 1.6,
      "travel_time_in_minutes": 0,
      "amount_min": 45,
      "amount_max": 55,
      "booking_fee": 30,
      "booking_fee_breakup": [
        {
          "display_text": "Advance Booking Fee",
          "value": 30
        }
      ],
      "taxes": {
        "total_tax": 11.87
      },
      "hub_charges": {
        "total_hub_fee": 80,
        "pickup_hub_fee": 80,
        "pickup_hub_name": "Ola pick up charge"
      },
      "discounts": {
        "discount_type": "custom",
        "discount_code": "BLR29",
        "discount_mode": "MICRO",
        "discount": 0,
        "cashback": 0,
        "pass_savings": 16
      },
      "upfront": {
        "fare": 345,
        "fare_id": "1:000008:50002738-7242",
        "is_upfront_applicable": true
      }
    },
    {
      "category": "mini",
      "distance": 1.6,
      "travel_time_in_minutes": 10,
      "amount_min": 60,
      "amount_max": 70,
      "booking_fee": 30,
      "booking_fee_breakup": [
        {
          "display_text": "Advance Booking Fee",
          "value": 30
        }
      ],
      "taxes": {
        "total_tax": 11.87
      },
      "hub_charges": {
        "total_hub_fee": 100,
        "pickup_hub_fee": 100,
        "pickup_hub_name": "Ola pick up charge"
      },
      "discounts": {
        "discount_type": "custom",
        "discount_code": "BLR29",
        "discount_mode": "MINI10",
        "discount": 0,
        "cashback": 0,
        "pass_savings": 16
      },
      "upfront": {
        "fare": 370,
        "fare_id": "1:000008:50002738-7243",
        "is_upfront_applicable": true
      }
    },
    {
      "category": "prime",
      "distance": 1.6,
      "travel_time_in_minutes": 10,
      "amount_min": 80,
      "amount_max": 90,
      "booking_fee": 30,
      "booking_fee_breakup": [
        {
          "display_text": "Advance Booking Fee",
          "value": 30
        }
      ],
      "taxes": {
        "total_tax": 11.87
      },
      "hub_charges": {
        "total_hub_fee": 115,
        "pickup_hub_fee": 140,
        "pickup_hub_name": "Ola pick up charge"
      },
      "discounts": {
        "discount_type": "custom",
        "discount_code": "BLR29",
        "discount_mode": "PRIME15",
        "discount": 0,
        "cashback": 0,
        "pass_savings": 16
      },
      "upfront": {
        "fare": 410,
        "fare_id": "1:000008:50002738-7240",
        "is_upfront_applicable": true
      }
    },
    {
      "category": "share",
      "distance": 1.6,
      "travel_time_in_minutes": 15,
      "amount_min": 50,
      "amount_max": 60,
      "booking_fee": 30,
      "booking_fee_breakup": [
        {
          "display_text": "Advance Booking Fee",
          "value": 30
        }
      ],
      "taxes": {
        "total_tax": 11.87
      },
      "hub_charges": {
        "total_hub_fee": 70,
        "pickup_hub_fee": 70,
        "pickup_hub_name": "Ola pick up charge"
      },
      "discounts": {
        "discount_type": "custom",
        "discount_code": "BLR29",
        "discount_mode": "SHARE15",
        "discount": 0,
        "cashback": 0,
        "pass_savings": 16
      },
      "upfront": {
        "fare": 80,
        "fare_id": "1:000008:50002738-7246",
        "is_upfront_applicable": true
      }
    }
  ],
  "previous_cancellation_charges": [
    {
      "currency": "INR",
      "booking_id": "CRN123456789",
      "amount": 30
    },
    {
      "currency": "INR",
      "booking_id": "OSN123456789",
      "amount": 50
    }
  ]
}