[
	
	{
		"bankAccountNumber": "accountnumber1234",
		"issuingICACd": "6",
		"merchantCategoryCd": "5541",
		"merchantTypeClassificationCd": "4i",
		"merchantTransactionDBAName": "TEST",
		"sequenceNumber": "999",
		"transactionCurrencyTransAmt": "100",
		"transactionDateAndTime": "2017-12-25T22:00:00.000+10:30",
		"transactionType": "5"
	},
	{
		"bankAccountNumber": "",
		"issuingICACd": "6",
		"merchantCategoryCd": "5541",
		"merchantTypeClassificationCd": "4i",
		"merchantTransactionDBAName": "TEST",
		"sequenceNumber": "999",
		"transactionCurrencyTransAmt": "100",
		"transactionDateAndTime": "2017-12-25T22:00:00.000+10:30",
		"transactionType": "5"
	},
	{
		"bankAccountNumber": "accountnumber1234",
		"issuingICACd": "",
		"merchantCategoryCd": "5541",
		"merchantTypeClassificationCd": "4i",
		"merchantTransactionDBAName": "TEST",
		"sequenceNumber": "999",
		"transactionCurrencyTransAmt": "100",
		"transactionDateAndTime": "2017-12-25T22:00:00.000+10:30",
		"transactionType": "5"
	},
	{
		"bankAccountNumber": "accountnumber1234",
		"issuingICACd": "6",
		"merchantCategoryCd": "",
		"merchantTypeClassificationCd": "4i",
		"merchantTransactionDBAName": "TEST",
		"sequenceNumber": "999",
		"transactionCurrencyTransAmt": "100",
		"transactionDateAndTime": "2017-12-25T22:00:00.000+10:30",
		"transactionType": "5"
	},
	{
		"bankAccountNumber": "accountnumber1234",
		"issuingICACd": "6",
		"merchantCategoryCd": "5541",
		"merchantTypeClassificationCd": "",
		"merchantTransactionDBAName": "TEST",
		"sequenceNumber": "999",
		"transactionCurrencyTransAmt": "100",
		"transactionDateAndTime": "2017-12-25T22:00:00.000+10:30",
		"transactionType": "5"
	},
	{
		"bankAccountNumber": "accountnumber1234",
		"issuingICACd": "6",
		"merchantCategoryCd": "5541",
		"merchantTypeClassificationCd": "4i",
		"merchantTransactionDBAName": "",
		"sequenceNumber": "999",
		"transactionCurrencyTransAmt": "100",
		"transactionDateAndTime": "2017-12-25T22:00:00.000+10:30",
		"transactionType": "5"
	},
	{
		"bankAccountNumber": "accountnumber1234",
		"issuingICACd": "6",
		"merchantCategoryCd": "5541",
		"merchantTypeClassificationCd": "4i",
		"merchantTransactionDBAName": "TEST",
		"sequenceNumber": "",
		"transactionCurrencyTransAmt": "100",
		"transactionDateAndTime": "2017-12-25T22:00:00.000+10:30",
		"transactionType": "5"
	},
	{
		"bankAccountNumber": "accountnumber1234",
		"issuingICACd": "6",
		"merchantCategoryCd": "5541",
		"merchantTypeClassificationCd": "4i",
		"merchantTransactionDBAName": "TEST",
		"sequenceNumber": "999",
		"transactionCurrencyTransAmt": "",
		"transactionDateAndTime": "2017-12-25T22:00:00.000+10:30",
		"transactionType": "5"
	},
	{
		"bankAccountNumber": "accountnumber1234",
		"issuingICACd": "6",
		"merchantCategoryCd": "5541",
		"merchantTypeClassificationCd": "4i",
		"merchantTransactionDBAName": "TEST",
		"sequenceNumber": "999",
		"transactionCurrencyTransAmt": "100",
		"transactionDateAndTime": "",
		"transactionType": "5"
	},
	{
		"bankAccountNumber": "accountnumber1234",
		"issuingICACd": "6",
		"merchantCategoryCd": "5541",
		"merchantTypeClassificationCd": "4i",
		"merchantTransactionDBAName": "TEST",
		"sequenceNumber": "999",
		"transactionCurrencyTransAmt": "100",
		"transactionDateAndTime": "2017-12-25T22:00:00.000+10:30",
		"transactionType": ""
	}
]