[
		
	{
		"postBody":{
		
	
			"userId":"5540106001005561000"
		},
		"isValid": false
	},
	{
		"postBody":{
			"authResponseLogId":4543
			
		},
		"isValid": true
	},
	{
		"postBody":{	
			"authResponseLogId":"",
			"userId":"5540106001005561000"
		},
		"isValid": false
	},
	{
		"postBody":{
			"authResponseLogId":4543,
			"userId":""
		},
		"isValid": true
	},
	{
		"postBody":{
			"authResponseLogId":4543,
			"userId":"5540106001005561000"
		},
		"isValid": true
	}
]