{
	"info": {
		"_postman_id": "f5af868d-3233-4c18-9490-f5bd01b058de",
		"name": "Generic script",
		"schema": "https://schema.getpostman.com/json/collection/v2.1.0/collection.json"
	},
	"item": [
		{
			"name": "Generic postman test script",
			"event": [
				{
					"listen": "test",
					"script": {
						"id": "92a2de9c-8296-4777-a8c2-c8785c4c1872",
						"exec": [
							"let response  = pm.response.json();",
							"console.log(pm.info.iteration+\" of \"+pm.info.iterationCount);",
							"if(pm.variables.get(\"validity\")){",
							"    ",
							"    pm.test(\"Status code is 200\", function () {",
							"        pm.response.to.have.status(200);",
							"    });",
							"    pm.test(\"Content-Type is present\", function () {",
							"        pm.response.to.have.header(\"Content-Type\");",
							"    });",
							"    ",
							"    if(pm.info.iteration === pm.info.iterationCount-1 && pm.iterationData.get(\"responseBody\")){",
							"        //console.log(pm.iterationData.get(\"responseBody\"));",
							"        console.log(JSON.stringify(pm.iterationData.get(\"responseBody\")));",
							"        pm.test(\"Verify response body when 200\",()=>{",
							"            pm.expect(response).to.eql(pm.iterationData.get(\"responseBody\"));",
							"        })",
							"    }",
							"    ",
							"}else{",
							"    ",
							"    pm.test(\"Status code is 400\", function () {",
							"        pm.response.to.have.status(400);",
							"    });",
							"    ",
							"    /*pm.test(\"Verify response body when 400\", ()=>{",
							"        pm.expect(response).to.not.have.property(\"queueAuthTransactionResult\");",
							"    });*/",
							"    ",
							"}",
							"",
							"",
							"",
							"",
							"",
							""
						],
						"type": "text/javascript"
					}
				},
				{
					"listen": "prerequest",
					"script": {
						"id": "64bc6c0b-f7a1-4d55-854d-4326caa2f54a",
						"exec": [
							"/*let messageTypeIdentifier = pm.iterationData.get(\"messageTypeIdentifier\");",
							"let bankAccountNumber = parseInt(pm.iterationData.get(\"bankAccountNumber\"));",
							"let cardholderBillingAmount = pm.iterationData.get(\"cardholderBillingAmount\");",
							"let transactionDate = pm.iterationData.get(\"transactionDate\");",
							"let cardAcceptorNameAndLocation = pm.iterationData.get(\"cardAcceptorNameAndLocation\");",
							"let bankNetReferenceNumber = pm.iterationData.get(\"bankNetReferenceNumber\");",
							"let serviceIdentifier = pm.iterationData.get(\"serviceIdentifier\");",
							"",
							"",
							"let isValid = pm.iterationData.get(\"isValid\");",
							"pm.variables.set(\"validity\", isValid);",
							"",
							"",
							"",
							"let postBody = ",
							"JSON.stringify({",
							"    \"messageTypeIdentifier\": messageTypeIdentifier,",
							"    \"bankAccountNumber\": bankAccountNumber,",
							"    \"cardholderBillingAmount\": cardholderBillingAmount,",
							"    \"transactionDate\": transactionDate,",
							"    \"cardAcceptorNameAndLocation\": cardAcceptorNameAndLocation,",
							"    \"bankNetReferenceNumber\": bankNetReferenceNumber,",
							"    \"serviceIdentifier\": serviceIdentifier",
							"})",
							"",
							"",
							"pm.variables.set(\"postBody\", postBody);*/",
							"let postBody;",
							"//let bankAccountNumber = pm.iterationData.get(\"postBody\").bankAccountNumber;",
							"//console.log(bankAccountNumber);",
							"//console.log(typeof bankAccountNumber);",
							"/*if((typeof bankAccountNumber) == string){",
							"    bankAccountNumber = parseInt(bankAccountNumber);",
							"    ",
							"    postBody = ",
							"    JSON.stringify({",
							"        \"messageTypeIdentifier\": messageTypeIdentifier,",
							"        \"bankAccountNumber\": bankAccountNumber,",
							"        \"cardholderBillingAmount\": cardholderBillingAmount,",
							"        \"transactionDate\": transactionDate,",
							"        \"cardAcceptorNameAndLocation\": cardAcceptorNameAndLocation,",
							"        \"bankNetReferenceNumber\": bankNetReferenceNumber,",
							"        \"serviceIdentifier\": serviceIdentifier",
							"    })",
							"    ",
							"}*/",
							"//console.log(pm.info.iteration);",
							"",
							"pm.environment.set(\"end_point_rA\", \"reprocessAuthorizations\");",
							"pm.environment.set(\"end_point_pc\", \"postClearingTransaction\");",
							"pm.environment.set(\"end_point_qa\", \"queueAuthTransaction\");",
							"",
							"let endPoint = pm.iterationData.get(\"endPoint\");",
							"",
							"if(endPoint == \"queue-auth-transaction-request\"){",
							"    pm.environment.set(\"end_point\",  pm.environment.get(\"end_point_qa\"));",
							"}else if(endPoint == \"post-clearing-transaction\"){",
							"    pm.environment.set(\"end_point\",  pm.environment.get(\"end_point_pc\"));",
							"}else if(endPoint == \"reprocess-authorizations-request\"){",
							"    pm.environment.set(\"end_point\", pm.environment.get(\"end_point_rA\"));",
							"}",
							"",
							"",
							"let body = pm.iterationData.get(\"requestBody\");",
							"postBody = JSON.stringify(body);",
							"pm.variables.set(\"postBody\", postBody);",
							"",
							"let isValid = pm.iterationData.get(\"valid\");",
							"pm.variables.set(\"validity\", isValid);",
							"",
							"",
							"",
							""
						],
						"type": "text/javascript"
					}
				}
			],
			"request": {
				"method": "POST",
				"header": [
					{
						"key": "appID",
						"type": "text",
						"value": "{{app_id}}"
					},
					{
						"key": "institutionName",
						"type": "text",
						"value": "{{institution_name}}"
					},
					{
						"key": "Content-Type",
						"type": "text",
						"value": "application/json"
					}
				],
				"body": {
					"mode": "raw",
					"raw": "{{postBody}}\r\n  "
				},
				"url": {
					"raw": "{{host}}/{{type}}/{{key}}/{{end_point}}",
					"host": [
						"{{host}}"
					],
					"path": [
						"{{type}}",
						"{{key}}",
						"{{end_point}}"
					]
				},
				"description": "Generic script for to verify different end points"
			},
			"response": []
		}
	]
}