{
	"info": {
		"_postman_id": "7c8feb7a-ee59-4df0-bad4-ffc52e2348b4",
		"name": "MOCK-API's",
		"schema": "https://schema.getpostman.com/json/collection/v2.1.0/collection.json"
	},
	"item": [
		{
			"name": "ProcessAPI",
			"event": [
				{
					"listen": "test",
					"script": {
						"id": "ac5d1da6-eee1-4970-9d65-48b8f192ecd8",
						"exec": [
							"let response = pm.response.json();",
							"",
							"//console.log(response.data[0].merchantName);",
							"",
							"pm.environment.set(\"language\", response.data[0].language);",
							"pm.environment.set(\"merchantName\", response.data[0].merchantName);",
							"pm.environment.set(\"distance\", response.data[0].distance);",
							"pm.environment.set(\"offerPercentage\", response.data[0].offerPercentage);",
							"pm.environment.set(\"reviewSource\", response.data[0].reviewSource);",
							"pm.environment.set(\"reviewRating\", response.data[0].reviewRating);",
							"pm.environment.set(\"category\", response.data[0].category);",
							"pm.environment.set(\"lat\", response.data[0].lat);",
							"pm.environment.set(\"lon\", response.data[0].lon);",
							"",
							"postman.setNextRequest(\"PS-getOffers\");",
							""
						],
						"type": "text/javascript"
					}
				}
			],
			"request": {
				"method": "GET",
				"header": [],
				"url": {
					"raw": "http://view-offers-process-app.sg-s1.cloudhub.io/api/offers?coordinates=1.2992265,103.8580397",
					"protocol": "http",
					"host": [
						"view-offers-process-app",
						"sg-s1",
						"cloudhub",
						"io"
					],
					"path": [
						"api",
						"offers"
					],
					"query": [
						{
							"key": "coordinates",
							"value": "1.2992265,103.8580397"
						}
					]
				}
			},
			"response": []
		},
		{
			"name": "PS-getOffers",
			"event": [
				{
					"listen": "test",
					"script": {
						"id": "3ac2ca5b-2e9f-4806-a315-96579caa7224",
						"exec": [
							"let response = pm.response.json();",
							"",
							"",
							"",
							"for(var i=0; i<response.data.length; i++){",
							"    ",
							"    if(response.data[i].merchantDetails.merchantName == pm.environment.get(\"merchantName\")){",
							"        ",
							"        console.log(response.data[i].merchantDetails.merchantName);",
							"        console.log(response.data[i].language);",
							"        console.log(response.data[i].offerDetails.category);",
							"        console.log(response.data[i].offerDetails.offerTitle);",
							"        ",
							"        pm.test(\"verify language category and offerPercentage\",()=>{",
							"            ",
							"            pm.expect(response.data[i].language).to.be.eql(pm.environment.get(\"language\"));",
							"            pm.expect(response.data[i].offerDetails.category).to.be.eql(pm.environment.get(\"category\"));",
							"            pm.expect(response.data[i].offerDetails.offerTitle).to.be.eql(pm.environment.get(\"offerPercentage\"));",
							"            ",
							"        })",
							"        ",
							"    }",
							"    ",
							"}",
							"",
							"postman.setNextRequest(\"Google-getRatings\");"
						],
						"type": "text/javascript"
					}
				}
			],
			"request": {
				"method": "GET",
				"header": [
					{
						"key": "Authorization",
						"value": "mock",
						"type": "text"
					},
					{
						"key": "Co-Relation-Id",
						"value": "12345",
						"type": "text"
					}
				],
				"url": {
					"raw": "http://priceless-special-sapi-mock.sg-s1.cloudhub.io/api/offers",
					"protocol": "http",
					"host": [
						"priceless-special-sapi-mock",
						"sg-s1",
						"cloudhub",
						"io"
					],
					"path": [
						"api",
						"offers"
					]
				}
			},
			"response": []
		},
		{
			"name": "Google-getRatings",
			"event": [
				{
					"listen": "test",
					"script": {
						"id": "7d7dcb73-34b9-49e9-9301-5759ea925cc3",
						"exec": [
							"let response = pm.response.json();",
							"",
							"for(var i=0; i<response.candidates.length; i++){",
							"    ",
							"    if(response.candidates[i].name == pm.environment.get(\"merchantName\")){",
							"        ",
							"        console.log(response.candidates[i].rating);",
							"        console.log(response.candidates[i].geometry.location.lat);",
							"        console.log(response.candidates[i].geometry.location.lng);",
							"        ",
							"        pm.test(\"verify rating lan and lon\",()=>{",
							"            ",
							"            pm.expect(response.candidates[i].rating).to.be.eql(pm.environment.get(\"reviewRating\"));",
							"            pm.expect(response.candidates[i].geometry.location.lat).to.be.eql(pm.environment.get(\"lat\"));",
							"            pm.expect(response.candidates[i].geometry.location.lng).to.be.eql(pm.environment.get(\"lon\"));",
							"            ",
							"        })",
							"        ",
							"    }",
							"    ",
							"}",
							"",
							"postman.setNextRequest(null);"
						],
						"type": "text/javascript"
					}
				}
			],
			"request": {
				"method": "GET",
				"header": [],
				"url": {
					"raw": "http://google-findplaces-sapi-mock.sg-s1.cloudhub.io/api/findplacefromtext/json?key=1234abcd1234578904321qwzxr&input=test&inputtype=none&Output=json",
					"protocol": "http",
					"host": [
						"google-findplaces-sapi-mock",
						"sg-s1",
						"cloudhub",
						"io"
					],
					"path": [
						"api",
						"findplacefromtext",
						"json"
					],
					"query": [
						{
							"key": "key",
							"value": "1234abcd1234578904321qwzxr"
						},
						{
							"key": "input",
							"value": "test"
						},
						{
							"key": "inputtype",
							"value": "none"
						},
						{
							"key": "Output",
							"value": "json"
						}
					]
				}
			},
			"response": []
		},
		{
			"name": "http://zomato-sapi-mock.sg-s1.cloudhub.io/api/search",
			"event": [
				{
					"listen": "test",
					"script": {
						"id": "0245b51e-f2fb-4198-8f8e-f37d1120faed",
						"exec": [
							"postman.setNextRequest(null);"
						],
						"type": "text/javascript"
					}
				}
			],
			"request": {
				"method": "GET",
				"header": [
					{
						"key": "Co-Relation-Id",
						"value": "12345",
						"type": "text"
					},
					{
						"key": "User-Key",
						"value": "b81c8648816536bb5980f854ee4f790b",
						"type": "text"
					},
					{
						"key": "Lat",
						"value": "18.7636930740",
						"type": "text"
					},
					{
						"key": "Lon",
						"value": "84.4189087674",
						"type": "text"
					}
				],
				"url": {
					"raw": "http://zomato-sapi-mock.sg-s1.cloudhub.io/api/search",
					"protocol": "http",
					"host": [
						"zomato-sapi-mock",
						"sg-s1",
						"cloudhub",
						"io"
					],
					"path": [
						"api",
						"search"
					]
				}
			},
			"response": []
		}
	]
}