{
	"info": {
		"_postman_id": "b5ae6f9f-6ae5-4ab9-8bc2-0a4cd09452bf",
		"name": "QueueAuthCollection",
		"schema": "https://schema.getpostman.com/json/collection/v2.1.0/collection.json"
	},
	"item": [
		{
			"name": "QueryAuthPOST request",
			"event": [
				{
					"listen": "test",
					"script": {
						"id": "92a2de9c-8296-4777-a8c2-c8785c4c1872",
						"exec": [
							"let response  = pm.response.json();",
							"",
							"if(pm.variables.get(\"validity\")){",
							"    ",
							"    pm.test(\"Status code is 200\", function () {",
							"        pm.response.to.have.status(200);",
							"    });",
							"    pm.test(\"Content-Type is present\", function () {",
							"        pm.response.to.have.header(\"Content-Type\");",
							"    });",
							"    ",
							"    if(pm.info.iteration == 7){",
							"        pm.test(\"Verify response body when 200\",()=>{",
							"            pm.expect(response).to.have.property(\"queueAuthTransactionResult\");",
							"            pm.expect(response).to.have.property(\"message\");",
							"            pm.expect(response.queueAuthTransactionResult).to.have.property(\"success\");",
							"        });",
							"        pm.test(\"Verify value\",()=>{",
							"            pm.expect(response.queueAuthTransactionResult.success).to.be.eql(true);",
							"        });",
							"    }",
							"    ",
							"}else{",
							"    ",
							"    pm.test(\"Status code is 400\", function () {",
							"        pm.response.to.have.status(400);",
							"    });",
							"    ",
							"    pm.test(\"Verify response body when 400\", ()=>{",
							"        pm.expect(response).to.not.have.property(\"queueAuthTransactionResult\");",
							"    });",
							"    ",
							"}",
							"",
							"",
							"",
							"",
							"",
							""
						],
						"type": "text/javascript"
					}
				},
				{
					"listen": "prerequest",
					"script": {
						"id": "64bc6c0b-f7a1-4d55-854d-4326caa2f54a",
						"exec": [
							"/*let messageTypeIdentifier = pm.iterationData.get(\"messageTypeIdentifier\");",
							"let bankAccountNumber = parseInt(pm.iterationData.get(\"bankAccountNumber\"));",
							"let cardholderBillingAmount = pm.iterationData.get(\"cardholderBillingAmount\");",
							"let transactionDate = pm.iterationData.get(\"transactionDate\");",
							"let cardAcceptorNameAndLocation = pm.iterationData.get(\"cardAcceptorNameAndLocation\");",
							"let bankNetReferenceNumber = pm.iterationData.get(\"bankNetReferenceNumber\");",
							"let serviceIdentifier = pm.iterationData.get(\"serviceIdentifier\");",
							"",
							"",
							"let isValid = pm.iterationData.get(\"isValid\");",
							"pm.variables.set(\"validity\", isValid);",
							"",
							"",
							"",
							"let postBody = ",
							"JSON.stringify({",
							"    \"messageTypeIdentifier\": messageTypeIdentifier,",
							"    \"bankAccountNumber\": bankAccountNumber,",
							"    \"cardholderBillingAmount\": cardholderBillingAmount,",
							"    \"transactionDate\": transactionDate,",
							"    \"cardAcceptorNameAndLocation\": cardAcceptorNameAndLocation,",
							"    \"bankNetReferenceNumber\": bankNetReferenceNumber,",
							"    \"serviceIdentifier\": serviceIdentifier",
							"})",
							"",
							"",
							"pm.variables.set(\"postBody\", postBody);*/",
							"let postBody;",
							"//let bankAccountNumber = pm.iterationData.get(\"postBody\").bankAccountNumber;",
							"//console.log(bankAccountNumber);",
							"//console.log(typeof bankAccountNumber);",
							"/*if((typeof bankAccountNumber) == string){",
							"    bankAccountNumber = parseInt(bankAccountNumber);",
							"    ",
							"    postBody = ",
							"    JSON.stringify({",
							"        \"messageTypeIdentifier\": messageTypeIdentifier,",
							"        \"bankAccountNumber\": bankAccountNumber,",
							"        \"cardholderBillingAmount\": cardholderBillingAmount,",
							"        \"transactionDate\": transactionDate,",
							"        \"cardAcceptorNameAndLocation\": cardAcceptorNameAndLocation,",
							"        \"bankNetReferenceNumber\": bankNetReferenceNumber,",
							"        \"serviceIdentifier\": serviceIdentifier",
							"    })",
							"    ",
							"}*/",
							"//console.log(pm.info.iteration);",
							"let body = pm.iterationData.get(\"postBody\");",
							"postBody = JSON.stringify(body);",
							"pm.variables.set(\"postBody\", postBody);",
							"",
							"let isValid = pm.iterationData.get(\"isValid\");",
							"pm.variables.set(\"validity\", isValid);",
							"",
							""
						],
						"type": "text/javascript"
					}
				}
			],
			"request": {
				"method": "POST",
				"header": [
					{
						"key": "appID",
						"type": "text",
						"value": "{{app_id}}"
					},
					{
						"key": "institutionName",
						"type": "text",
						"value": "{{institution_name}}"
					},
					{
						"key": "Content-Type",
						"type": "text",
						"value": "application/json"
					}
				],
				"body": {
					"mode": "raw",
					"raw": "{{postBody}}\r\n  "
				},
				"url": {
					"raw": "{{host}}/{{type}}/{{key}}/{{end_point_qa}}",
					"host": [
						"{{host}}"
					],
					"path": [
						"{{type}}",
						"{{key}}",
						"{{end_point_qa}}"
					]
				},
				"description": "https://anypoint.mulesoft.com/mocking/api/v1/links/c91d8791-d984-48d5-815a-96c3eda0b689/getRTRPreferences"
			},
			"response": []
		}
	]
}