{
  "count": 46,
  "data": [
    {
      "mastercardProductCode": "MCG",
      "mastercardProductName": "Gold Mastercard",
      "productType": "Consumer Credit"
    },
    {
      "mastercardProductCode": "MCS",
      "mastercardProductName": "Standard Mastercard",
      "productType": "Consumer Credit"
    },
    {
      "mastercardProductCode": "MCT",
      "mastercardProductName": "Titanium Mastercard",
      "productType": "Consumer Credit"
    },
    {
      "mastercardProductCode": "MCU",
      "mastercardProductName": "Mastercard Unembossed Card",
      "productType": "Consumer Credit"
    },
    {
      "mastercardProductCode": "MCW",
      "mastercardProductName": "World Mastercard",
      "productType": "Consumer Credit"
    },
    {
      "mastercardProductCode": "MIC",
      "mastercardProductName": "ISIC Mastercard Student Card",
      "productType": "Consumer Credit"
    },
    {
      "mastercardProductCode": "MPL",
      "mastercardProductName": "Platinum Mastercard",
      "productType": "Consumer Credit"
    },
    {
      "mastercardProductCode": "WMR",
      "mastercardProductName": "World Mastercard Rewards",
      "productType": "Consumer Credit"
    },
    {
      "mastercardProductCode": "MWE",
      "mastercardProductName": "World Elite Mastercard",
      "productType": "Consumer Credit"
    },
    {
      "mastercardProductCode": "MDG",
      "mastercardProductName": "Gold Debit Mastercard",
      "productType": "Debit"
    },
    {
      "mastercardProductCode": "MDP",
      "mastercardProductName": "Platinum Debit Mastercard",
      "productType": "Debit"
    },
    {
      "mastercardProductCode": "MDS",
      "mastercardProductName": "Standard Debit Mastercard",
      "productType": "Debit"
    },
    {
      "mastercardProductCode": "MDU",
      "mastercardProductName": "Debit Mastercard Unembossed",
      "productType": "Debit"
    },
    {
      "mastercardProductCode": "MET",
      "mastercardProductName": "Titanium Debit Mastercard",
      "productType": "Debit"
    },
    {
      "mastercardProductCode": "MIS",
      "mastercardProductName": "ISIC Debit Mastercard Student Card",
      "productType": "Debit"
    },
    {
      "mastercardProductCode": "MUP",
      "mastercardProductName": "Platinum Debit Mastercard Unembossed",
      "productType": "Debit"
    },
    {
      "mastercardProductCode": "MIP",
      "mastercardProductName": "ISIC Mastercard Prepaid Student Card",
      "productType": "Prepaid"
    },
    {
      "mastercardProductCode": "MPG",
      "mastercardProductName": "Prepaid Mastercard General Spend Card",
      "productType": "Prepaid"
    },
    {
      "mastercardProductCode": "MRH",
      "mastercardProductName": "Mastercard Prepaid Platinum Travel Card",
      "productType": "Prepaid"
    },
    {
      "mastercardProductCode": "MUS",
      "mastercardProductName": "Prepaid Mastercard Unembossed",
      "productType": "Prepaid"
    },
    {
      "mastercardProductCode": "MRC",
      "mastercardProductName": "Prepaid Mastercard Electronic Card",
      "productType": "Prepaid"
    },
    {
      "mastercardProductCode": "MRG",
      "mastercardProductName": "Prepaid Mastercard",
      "productType": "Prepaid"
    },
    {
      "mastercardProductCode": "MCB",
      "mastercardProductName": "Mastercard BusinessCard Card",
      "productType": "Commercial Solutions - Credit"
    },
    {
      "mastercardProductCode": "MCF",
      "mastercardProductName": "Mastercard Corporate Multi Card Card",
      "productType": "Commercial Solutions - Credit"
    },
    {
      "mastercardProductCode": "MCO",
      "mastercardProductName": "Mastercard Corporate Card",
      "productType": "Commercial Solutions - Credit"
    },
    {
      "mastercardProductCode": "MCP",
      "mastercardProductName": "Mastercard Corporate Purchasing Card",
      "productType": "Commercial Solutions - Credit"
    },
    {
      "mastercardProductCode": "MEB",
      "mastercardProductName": "Mastercard Executive BusinessCard Card",
      "productType": "Commercial Solutions - Credit"
    },
    {
      "mastercardProductCode": "MEO",
      "mastercardProductName": "Mastercard Corporate Executive Card",
      "productType": "Commercial Solutions - Credit"
    },
    {
      "mastercardProductCode": "MLA",
      "mastercardProductName": "Mastercard Central Travel Solutions Air",
      "productType": "Commercial Solutions - Credit"
    },
    {
      "mastercardProductCode": "MNF",
      "mastercardProductName": "Mastercard Public Sector Commercial Card",
      "productType": "Commercial Solutions - Credit"
    },
    {
      "mastercardProductCode": "MWB",
      "mastercardProductName": "World Mastercard for Business",
      "productType": "Commercial Solutions - Credit"
    },
    {
      "mastercardProductCode": "MAP",
      "mastercardProductName": "Mastercard Commercial Payment Account",
      "productType": "Commercial Solutions - Credit"
    },
    {
      "mastercardProductCode": "MBS",
      "mastercardProductName": "Mastercard B2B Product",
      "productType": "Commercial Solutions - Credit"
    },
    {
      "mastercardProductCode": "MAC",
      "mastercardProductName": "Mastercard Corporate World Elite Card",
      "productType": "Commercial Solutions - Credit"
    },
    {
      "mastercardProductCode": "MWO",
      "mastercardProductName": "Mastercard Corporate World Card",
      "productType": "Commercial Solutions - Credit"
    },
    {
      "mastercardProductCode": "MDT",
      "mastercardProductName": "Business Debit Mastercard",
      "productType": "Commercial Solutions - Debit"
    },
    {
      "mastercardProductCode": "MFR",
      "mastercardProductName": "Mastercard Commercial Reward Funding",
      "productType": "Commercial Solutions - Debit"
    },
    {
      "mastercardProductCode": "BPD",
      "mastercardProductName": "Mastercard Business Premium Debit",
      "productType": "Commercial Solutions - Debit"
    },
    {
      "mastercardProductCode": "MRW",
      "mastercardProductName": "Prepaid Mastercard BusinessCard Card",
      "productType": "Commercial Solutions - Prepaid"
    },
    {
      "mastercardProductCode": "MBT",
      "mastercardProductName": "Mastercard Corporate Prepaid Travel",
      "productType": "Commercial Solutions - Prepaid"
    },
    {
      "mastercardProductCode": "MBP",
      "mastercardProductName": "Mastercard Corporate Prepaid",
      "productType": "Commercial Solutions - Prepaid"
    },
    {
      "mastercardProductCode": "MAB",
      "mastercardProductName": "World Elite Mastercard for Business",
      "productType": "Commercial Solutions - Business"
    },
    {
      "mastercardProductCode": "MTB",
      "mastercardProductName": "Titanium Business Mastercard",
      "productType": "Commercial Solutions - Business"
    },
    {
      "mastercardProductCode": "MDH",
      "mastercardProductName": "World Debit Mastercard",
      "productType": "Debit"
    },
    {
      "mastercardProductCode": "MDW",
      "mastercardProductName": "World Elite Debit Mastercard",
      "productType": "Debit"
    },
    {
      "mastercardProductCode": "MOO",
      "mastercardProductName": "Mastercard Online",
      "productType": "Mastercard Electronic Card"
    }
  ]
}