[{
        "offerId": "18433",
        "title": "5% off Pizza Hut",
        "subTitle": "THIS IS TEST DATA ONLY - Available on a first come first serve basis",
        "description": "TEST DATA ONLY - Information about the offer",
        "category": "culinary",
        "distanceToMerchant": 0.5,
        "distanceUnit": "KM",
        "eligibility": {
            "startDate": "2019-09-01T00:00:00+0530",
            "endDate": "2020-09-01T00:00:00+0530"
        },
        "offerImages": {
            "rectangleImage": "https://encrypted-tbn0.gstatic.com/images?q=tbn:ANd9GcTNHmyNiioVy8-Hnx07Ah5qYEQN-R-z3wL2ShcWIgTQ00PimPUK",
            "squareImage": "https://s3-media2.fl.yelpcdn.com/bphoto/fc5eoK-k7kD9sI-MMTEoXw/ls.jpg"
        },
        "merchant": {
            "name": "Pizza Hut",
            "emailAddress": null,
            "contactNumber": null,
           "address": "Pune",
            "city": "Pune",
            "country": "India",
            "website": null,
            "location": {
                "latitude": 18.5628006,
                "longitude": 73.916728
            },
            "ratings": [
                {
                    "rating": 2.8,
                    "source": "Zomato"
                }
            ]
        }
    },
    {
        "offerId": "184200",
        "title": "15% off Pizza Hut",
        "subTitle": "THIS IS TEST DATA ONLY - Available on a first come first serve basis",
        "description": "TEST DATA ONLY - Information about the offer",
        "category": "culinary",
        "distanceToMerchant": 2.5,
        "distanceUnit": "KM",
        "eligibility": {
            "startDate": "2019-09-01T00:00:00+0530",
            "endDate": "2020-09-01T00:00:00+0530"
        },
        "offerImages": {
            "rectangleImage": "https://encrypted-tbn0.gstatic.com/images?q=tbn:ANd9GcTNHmyNiioVy8-Hnx07Ah5qYEQN-R-z3wL2ShcWIgTQ00PimPUK",
            "squareImage": "https://s3-media2.fl.yelpcdn.com/bphoto/fc5eoK-k7kD9sI-MMTEoXw/ls.jpg"
        },
        "merchant": {
            "name": "Pizza Hut",
            "emailAddress": null,
            "contactNumber": null,
           "address": "Pune",
            "city": "Pune",
            "country": "India",
            "website": null,
            "location": {
                "latitude": 18.5465807,
                "longitude": 73.9007481
            },
            "ratings": [
                {
                    "rating": 3.5,
                    "source": "Zomato"
                }
            ]
        }
    }  
]