
{
  "count": 6,
  "data": [
    {
      "categoryId": "201811010002",
      "categoryName": "Culinary"
    },
    {
      "categoryId": "201811010004",
      "categoryName": "Sports"
    },
    {
      "categoryId": "201811010005",
      "categoryName": "Shopping"
    },
    {
      "categoryId": "201811010006",
      "categoryName": "Entertainment"
    },
    {
      "categoryId": "201811010003",
      "categoryName": "Arts and Culture"
    },
    {
      "categoryId": "201811010001",
      "categoryName": "Travel"
    }
  ]
}

 

