{
  "results_found": 19,
  "results_start": 0,
  "results_shown": 1,
  "restaurants": [
     {
      "restaurant": {
        "R": {
          "has_menu_status": {
            "delivery": -1,
            "takeaway": -1
          },
          "res_id": 11080
        },
        "apikey": "0c238395e79515590d2d339b694a251d",
        "id": "11080",
        "name": "Latitude - Blue Diamond",
        "url": "https://www.zomato.com/pune/latitude-blue-diamond-koregaon-park?utm_source=api_basic_user&utm_medium=api&utm_campaign=v2.1",
        "location": {
          "address": "11, Blue Diamond, Koregaon Park, Pune",
          "locality": "Blue Diamond, Koregaon Park",
          "city": "Pune",
          "city_id": 5,
          "latitude": "18.5384509153",
          "longitude": "73.8865166903",
          "zipcode": "0",
          "country_id": 1,
          "locality_verbose": "Blue Diamond, Koregaon Park, Pune"
        },
        "switch_to_order_menu": 0,
        "cuisines": "North Indian, Mediterranean, Italian, European, South Indian, Salad",
        "timings": "24 Hours",
        "average_cost_for_two": 2000,
        "price_range": 4,
        "currency": "Rs.",
        "highlights": [
          "Credit Card",
          "Debit Card",
          "Lunch",
          "Cash",
          "Breakfast",
          "Dinner",
          "4/5 Star",
          "Air Conditioned",
          "Luxury Dining",
          "Brunch",
          "Valet Parking Available",
          "Outdoor Seating",
          "Table booking recommended",
          "Smoking Area",
          "Buffet",
          "Fullbar",
          "Indoor Seating"
        ],
        "offers": [],
        "opentable_support": 0,
        "is_zomato_book_res": 0,
        "mezzo_provider": "SHAWMAN",
        "is_book_form_web_view": 0,
        "book_form_web_view_url": "",
        "thumb": "https://b.zmtcdn.com/data/res_imagery/11080_RESTAURANT_b66ca0000bfd0c76d3f66bb7c269cb66_c.jpg?fit=around%7C200%3A200&crop=200%3A200%3B%2A%2C%2A",
        "user_rating": {
          "aggregate_rating": "4.3",
          "rating_text": "Very Good",
          "rating_color": "5BA829",
          "rating_obj": {
            "title": {
              "text": "4.3"
            },
            "bg_color": {
              "type": "lime",
              "tint": "700"
            }
          },
          "votes": "737"
        },
        "all_reviews_count": 365,
        "photos_url": "https://www.zomato.com/pune/latitude-blue-diamond-koregaon-park/photos?utm_source=api_basic_user&utm_medium=api&utm_campaign=v2.1#tabtop",
        "photo_count": 791,
        "photos": [
          {
            "photo": {
              "id": "u_4NjE1NjA4Nzk3M",
              "url": "https://b.zmtcdn.com/data/reviews_photos/ba3/7ac5bad0811d95ab79e06b0132abdba3_1567877125.jpg",
              "thumb_url": "https://b.zmtcdn.com/data/reviews_photos/ba3/7ac5bad0811d95ab79e06b0132abdba3_1567877125.jpg?fit=around%7C200%3A200&crop=200%3A200%3B%2A%2C%2A",
              "user": {
                "name": "RD",
                "foodie_level": "Big Foodie",
                "foodie_level_num": 4,
                "foodie_color": "ffae4f",
                "profile_url": "https://www.zomato.com/users/rd-36249380?utm_source=api_basic_user&utm_medium=api&utm_campaign=v2.1",
                "profile_image": "https://b.zmtcdn.com/images/user_avatars/mug_2x.png?fit=around%7C200%3A200&crop=200%3A200%3B%2A%2C%2A",
                "profile_deeplink": "zomato://u/36249380"
              },
              "res_id": 11080,
              "caption": "",
              "timestamp": 1567877126,
              "friendly_time": "14 days ago",
              "width": 864,
              "height": 864
            }
          },
          {
            "photo": {
              "id": "u_0NzgxMDMyODMyO",
              "url": "https://b.zmtcdn.com/data/reviews_photos/d17/d520ae59bd5be0c35f1a71268544fd17_1567877126.jpg",
              "thumb_url": "https://b.zmtcdn.com/data/reviews_photos/d17/d520ae59bd5be0c35f1a71268544fd17_1567877126.jpg?fit=around%7C200%3A200&crop=200%3A200%3B%2A%2C%2A",
              "user": {
                "name": "RD",
                "foodie_level": "Big Foodie",
                "foodie_level_num": 4,
                "foodie_color": "ffae4f",
                "profile_url": "https://www.zomato.com/users/rd-36249380?utm_source=api_basic_user&utm_medium=api&utm_campaign=v2.1",
                "profile_image": "https://b.zmtcdn.com/images/user_avatars/mug_2x.png?fit=around%7C200%3A200&crop=200%3A200%3B%2A%2C%2A",
                "profile_deeplink": "zomato://u/36249380"
              },
              "res_id": 11080,
              "caption": "",
              "timestamp": 1567877126,
              "friendly_time": "14 days ago",
              "width": 864,
              "height": 864
            }
          },
          {
            "photo": {
              "id": "u_Nzg3NzYzMjEyNT",
              "url": "https://b.zmtcdn.com/data/reviews_photos/85c/f33ce8be4b26a95dc804b13dc468c85c_1554867262.jpg",
              "thumb_url": "https://b.zmtcdn.com/data/reviews_photos/85c/f33ce8be4b26a95dc804b13dc468c85c_1554867262.jpg?fit=around%7C200%3A200&crop=200%3A200%3B%2A%2C%2A",
              "user": {
                "name": "Aarushi",
                "foodie_level": "Super Foodie",
                "foodie_level_num": 8,
                "foodie_color": "f58552",
                "profile_url": "https://www.zomato.com/users/aarushi-563240?utm_source=api_basic_user&utm_medium=api&utm_campaign=v2.1",
                "profile_image": "https://b.zmtcdn.com/images/user_avatars/mug_2x.png?fit=around%7C200%3A200&crop=200%3A200%3B%2A%2C%2A",
                "profile_deeplink": "zomato://u/563240"
              },
              "res_id": 11080,
              "caption": "",
              "timestamp": 1554867263,
              "friendly_time": "5 months ago",
              "width": 3024,
              "height": 4032
            }
          },
          {
            "photo": {
              "id": "u_5Njk1NjQyNjI0N",
              "url": "https://b.zmtcdn.com/data/reviews_photos/c52/992c6e24d98bf3dd784ace0c7a46bc52_1556482707.jpg",
              "thumb_url": "https://b.zmtcdn.com/data/reviews_photos/c52/992c6e24d98bf3dd784ace0c7a46bc52_1556482707.jpg?fit=around%7C200%3A200&crop=200%3A200%3B%2A%2C%2A",
              "user": {
                "name": "Shilpa Agrawal",
                "zomato_handle": "shilpa155",
                "foodie_level": "Super Foodie",
                "foodie_level_num": 10,
                "foodie_color": "f58552",
                "profile_url": "https://www.zomato.com/shilpa155?utm_source=api_basic_user&utm_medium=api&utm_campaign=v2.1",
                "profile_image": "https://b.zmtcdn.com/data/user_profile_pictures/9eb/5398a029415a9f1dcef3526392d8a9eb.jpg?fit=around%7C100%3A100&crop=100%3A100%3B%2A%2C%2A",
                "profile_deeplink": "zomato://u/37942921"
              },
              "res_id": 11080,
              "caption": "",
              "timestamp": 1556482707,
              "friendly_time": "4 months ago",
              "width": 1280,
              "height": 960
            }
          },
          {
            "photo": {
              "id": "u_DA4OTg1NjI1NTY",
              "url": "https://b.zmtcdn.com/data/reviews_photos/f57/1f152bc53043c30d2839ad0f41d35f57_1559980476.jpg",
              "thumb_url": "https://b.zmtcdn.com/data/reviews_photos/f57/1f152bc53043c30d2839ad0f41d35f57_1559980476.jpg?fit=around%7C200%3A200&crop=200%3A200%3B%2A%2C%2A",
              "user": {
                "name": "Pramey Zode",
                "zomato_handle": "FoodiePramey",
                "foodie_level": "Big Foodie",
                "foodie_level_num": 6,
                "foodie_color": "ffae4f",
                "profile_url": "https://www.zomato.com/FoodiePramey?utm_source=api_basic_user&utm_medium=api&utm_campaign=v2.1",
                "profile_image": "https://b.zmtcdn.com/data/user_profile_pictures/7ee/6f32526621da4747114bcf8b4ce8c7ee.jpg?fit=around%7C100%3A100&crop=100%3A100%3B%2A%2C%2A",
                "profile_deeplink": "zomato://u/947443"
              },
              "res_id": 11080,
              "caption": "Lemon Iced Tea",
              "timestamp": 1559980476,
              "friendly_time": "3 months ago",
              "width": 1040,
              "height": 780
            }
          },
          {
            "photo": {
              "id": "u_DY1Njk0NTk2NzM",
              "url": "https://b.zmtcdn.com/data/reviews_photos/61a/3e41909248ce164d0cd280aa17bd561a_1558977573.jpg",
              "thumb_url": "https://b.zmtcdn.com/data/reviews_photos/61a/3e41909248ce164d0cd280aa17bd561a_1558977573.jpg?fit=around%7C200%3A200&crop=200%3A200%3B%2A%2C%2A",
              "user": {
                "name": "Puneeth Saladi",
                "zomato_handle": "puneethsaladi",
                "foodie_level": "Big Foodie",
                "foodie_level_num": 4,
                "foodie_color": "ffae4f",
                "profile_url": "https://www.zomato.com/puneethsaladi?utm_source=api_basic_user&utm_medium=api&utm_campaign=v2.1",
                "profile_image": "https://b.zmtcdn.com/data/user_profile_pictures/d8c/b296054ba90ba4b61ad6be6f55433d8c.jpg?fit=around%7C100%3A100&crop=100%3A100%3B%2A%2C%2A",
                "profile_deeplink": "zomato://u/50414830"
              },
              "res_id": 11080,
              "caption": "",
              "timestamp": 1558977573,
              "friendly_time": "3 months ago",
              "width": 1040,
              "height": 780
            }
          },
          {
            "photo": {
              "id": "u_MDM1MTI5MTQ2Nz",
              "url": "https://b.zmtcdn.com/data/reviews_photos/394/ff81cff8f0adf31043a6c08764f3d394_1556482707.jpg",
              "thumb_url": "https://b.zmtcdn.com/data/reviews_photos/394/ff81cff8f0adf31043a6c08764f3d394_1556482707.jpg?fit=around%7C200%3A200&crop=200%3A200%3B%2A%2C%2A",
              "user": {
                "name": "Shilpa Agrawal",
                "zomato_handle": "shilpa155",
                "foodie_level": "Super Foodie",
                "foodie_level_num": 10,
                "foodie_color": "f58552",
                "profile_url": "https://www.zomato.com/shilpa155?utm_source=api_basic_user&utm_medium=api&utm_campaign=v2.1",
                "profile_image": "https://b.zmtcdn.com/data/user_profile_pictures/9eb/5398a029415a9f1dcef3526392d8a9eb.jpg?fit=around%7C100%3A100&crop=100%3A100%3B%2A%2C%2A",
                "profile_deeplink": "zomato://u/37942921"
              },
              "res_id": 11080,
              "caption": "",
              "timestamp": 1556482708,
              "friendly_time": "4 months ago",
              "width": 1280,
              "height": 960
            }
          },
          {
            "photo": {
              "id": "u_cyMDAxMjkyNjUy",
              "url": "https://b.zmtcdn.com/data/reviews_photos/fc6/7865dde6b3d855c01cc3fe3a69c61fc6_1556482782.jpg",
              "thumb_url": "https://b.zmtcdn.com/data/reviews_photos/fc6/7865dde6b3d855c01cc3fe3a69c61fc6_1556482782.jpg?fit=around%7C200%3A200&crop=200%3A200%3B%2A%2C%2A",
              "user": {
                "name": "Shilpa Agrawal",
                "zomato_handle": "shilpa155",
                "foodie_level": "Super Foodie",
                "foodie_level_num": 10,
                "foodie_color": "f58552",
                "profile_url": "https://www.zomato.com/shilpa155?utm_source=api_basic_user&utm_medium=api&utm_campaign=v2.1",
                "profile_image": "https://b.zmtcdn.com/data/user_profile_pictures/9eb/5398a029415a9f1dcef3526392d8a9eb.jpg?fit=around%7C100%3A100&crop=100%3A100%3B%2A%2C%2A",
                "profile_deeplink": "zomato://u/37942921"
              },
              "res_id": 11080,
              "caption": "",
              "timestamp": 1556482782,
              "friendly_time": "4 months ago",
              "width": 1280,
              "height": 960
            }
          },
          {
            "photo": {
              "id": "u_MTQ3NzQyMjg4OD",
              "url": "https://b.zmtcdn.com/data/reviews_photos/23b/7c84e314f6a2800298a8514b47b9523b_1554867263.jpg",
              "thumb_url": "https://b.zmtcdn.com/data/reviews_photos/23b/7c84e314f6a2800298a8514b47b9523b_1554867263.jpg?fit=around%7C200%3A200&crop=200%3A200%3B%2A%2C%2A",
              "user": {
                "name": "Aarushi",
                "foodie_level": "Super Foodie",
                "foodie_level_num": 8,
                "foodie_color": "f58552",
                "profile_url": "https://www.zomato.com/users/aarushi-563240?utm_source=api_basic_user&utm_medium=api&utm_campaign=v2.1",
                "profile_image": "https://b.zmtcdn.com/images/user_avatars/mug_2x.png?fit=around%7C200%3A200&crop=200%3A200%3B%2A%2C%2A",
                "profile_deeplink": "zomato://u/563240"
              },
              "res_id": 11080,
              "caption": "",
              "timestamp": 1554867264,
              "friendly_time": "5 months ago",
              "width": 3024,
              "height": 4032
            }
          },
          {
            "photo": {
              "id": "u_yMjcxNTIODMzOD",
              "url": "https://b.zmtcdn.com/data/reviews_photos/3ae/a457184ea06f1ea4ef4ce98d099f73ae_1554659547.jpg",
              "thumb_url": "https://b.zmtcdn.com/data/reviews_photos/3ae/a457184ea06f1ea4ef4ce98d099f73ae_1554659547.jpg?fit=around%7C200%3A200&crop=200%3A200%3B%2A%2C%2A",
              "user": {
                "name": "Aarushi",
                "foodie_level": "Super Foodie",
                "foodie_level_num": 8,
                "foodie_color": "f58552",
                "profile_url": "https://www.zomato.com/users/aarushi-563240?utm_source=api_basic_user&utm_medium=api&utm_campaign=v2.1",
                "profile_image": "https://b.zmtcdn.com/images/user_avatars/mug_2x.png?fit=around%7C200%3A200&crop=200%3A200%3B%2A%2C%2A",
                "profile_deeplink": "zomato://u/563240"
              },
              "res_id": 11080,
              "caption": "",
              "timestamp": 1554659548,
              "friendly_time": "5 months ago",
              "width": 4032,
              "height": 3024
            }
          }
        ],
        "menu_url": "https://www.zomato.com/pune/latitude-blue-diamond-koregaon-park/menu?utm_source=api_basic_user&utm_medium=api&utm_campaign=v2.1&openSwipeBox=menu&showMinimal=1#tabtop",
        "featured_image": "https://b.zmtcdn.com/data/res_imagery/11080_RESTAURANT_b66ca0000bfd0c76d3f66bb7c269cb66_c.jpg",
        "medio_provider": "",
        "has_online_delivery": 0,
        "is_delivering_now": 0,
        "include_bogo_offers": true,
        "deeplink": "zomato://restaurant/11080",
        "is_table_reservation_supported": 0,
        "has_table_booking": 1,
        "book_url": "https://www.zomato.com/pune/latitude-blue-diamond-koregaon-park/book?utm_source=api_basic_user&utm_medium=api&utm_campaign=v2.1",
        "events_url": "https://www.zomato.com/pune/latitude-blue-diamond-koregaon-park/events#tabtop?utm_source=api_basic_user&utm_medium=api&utm_campaign=v2.1",
        "phone_numbers": "080 46971264",
        "all_reviews": {
          "reviews": [
            {
              "review": {
                "rating": 1,
                "review_text": "I went there on my birthday for the dinner buffet.. the restaurant was packed with no seats..gave me a signal of the being good..after waiting we got a place which I didn't like at all...then to strtd with the food..starters were chkn Tikka veg Hara Bharat something cheese balls...so there were like 4 starters which were very mediocre...the main course kind of sucked...the Thai curry had go much lemon grass could not even eat it...and the staff was pathetic.. hygiene was bad...plates were not clean of a five star level...spoons were lying dirty...when I asked the waiter for a serving spoon for the dessert he gave me a fork...the gajar halwa was good ,eatable.. Ambience: 1.5/5 Food 1/5 Staff 2/5 Hygiene 3/5 Dessert 3.5/5 Value for money: -5/5 Please don't go there on any of your special day to spoil it!!!!!",
                "id": 45149956,
                "rating_color": "CB202D",
                "review_time_friendly": "2 days ago",
                "rating_text": "Avoid!",
                "timestamp": 1568844567,
                "likes": 0,
                "user": {
                  "name": "Ayesha Salman",
                  "foodie_level": "Big Foodie",
                  "foodie_level_num": 4,
                  "foodie_color": "ffae4f",
                  "profile_url": "https://www.zomato.com/users/ayesha-salman-7363141?utm_source=api_basic_user&utm_medium=api&utm_campaign=v2.1",
                  "profile_image": "https://b.zmtcdn.com/data/user_profile_pictures/47c/8cf805fccbead0bb2467896e4c64c47c.jpg?fit=around%7C100%3A100&crop=100%3A100%3B%2A%2C%2A",
                  "profile_deeplink": "zomato://u/7363141"
                },
                "comments_count": 0
              }
            },
            {
              "review": {
                "rating": 5,
                "review_text": "I love the Pizzas n Oreo shake over here. Everything fresh n so many things on the menu.  Service is quick, ambience is superb n above all good food. Recommended dishes are Biryani, Kheema Pav n Pizzas.  Thank u so much for your hospitality.",
                "id": 45026500,
                "rating_color": "305D02",
                "review_time_friendly": "8 days ago",
                "rating_text": "Insane!",
                "timestamp": 1568371660,
                "likes": 0,
                "user": {
                  "name": "Cnt Zeeshan Jivani",
                  "foodie_level": "Super Foodie",
                  "foodie_level_num": 10,
                  "foodie_color": "f58552",
                  "profile_url": "https://www.zomato.com/users/cnt-zeeshan-jivani-44274326?utm_source=api_basic_user&utm_medium=api&utm_campaign=v2.1",
                  "profile_image": "https://b.zmtcdn.com/data/user_profile_pictures/4ff/e1c393304c5d38ac2deb848aaf79f4ff.jpg?fit=around%7C100%3A100&crop=100%3A100%3B%2A%2C%2A",
                  "profile_deeplink": "zomato://u/44274326"
                },
                "comments_count": 0
              }
            },
            {
              "review": {
                "rating": 4,
                "review_text": "Good place to spend quality time. Food is good. Not much variety. Music is good. An evening spent well. Visit this place once and experience the hospitality.",
                "id": 44921884,
                "rating_color": "5BA829",
                "review_time_friendly": "14 days ago",
                "rating_text": "Great!",
                "timestamp": 1567877123,
                "likes": 0,
                "user": {
                  "name": "RD",
                  "foodie_level": "Big Foodie",
                  "foodie_level_num": 4,
                  "foodie_color": "ffae4f",
                  "profile_url": "https://www.zomato.com/users/rd-36249380?utm_source=api_basic_user&utm_medium=api&utm_campaign=v2.1",
                  "profile_image": "https://b.zmtcdn.com/images/user_avatars/mug_2x.png?fit=around%7C200%3A200&crop=200%3A200%3B%2A%2C%2A",
                  "profile_deeplink": "zomato://u/36249380"
                },
                "comments_count": 0
              }
            },
            {
              "review": {
                "rating": 5,
                "review_text": "",
                "id": 44916812,
                "rating_color": "305D02",
                "review_time_friendly": "14 days ago",
                "rating_text": "Insane!",
                "timestamp": 1567865637,
                "likes": 0,
                "user": {
                  "name": "Rohit Sawhney",
                  "foodie_level": "Foodie",
                  "foodie_level_num": 3,
                  "foodie_color": "ffd35d",
                  "profile_url": "https://www.zomato.com/users/rohit-sawhney-36267571?utm_source=api_basic_user&utm_medium=api&utm_campaign=v2.1",
                  "profile_image": "https://b.zmtcdn.com/images/user_avatars/wine_2x.png?fit=around%7C200%3A200&crop=200%3A200%3B%2A%2C%2A",
                  "profile_deeplink": "zomato://u/36267571"
                },
                "comments_count": 0
              }
            },
            {
              "review": {
                "rating": 5,
                "review_text": "This place is very good , very friendly staff & good service .  I had dinner here with my friend last month . I also like here ambience , biryani is so tasty . All over experience is very good",
                "id": 44626441,
                "rating_color": "305D02",
                "review_time_friendly": "one month ago",
                "rating_text": "Insane!",
                "timestamp": 1566403249,
                "likes": 0,
                "user": {
                  "name": "Uddhav Gujar",
                  "foodie_level": "Big Foodie",
                  "foodie_level_num": 6,
                  "foodie_color": "ffae4f",
                  "profile_url": "https://www.zomato.com/users/uddhav-gujar-36432575?utm_source=api_basic_user&utm_medium=api&utm_campaign=v2.1",
                  "profile_image": "https://b.zmtcdn.com/data/user_profile_pictures/991/a3b612922ddc6b4ea2e2d7d9ece90991.jpg?fit=around%7C100%3A100&crop=100%3A100%3B%2A%2C%2A",
                  "profile_deeplink": "zomato://u/36432575"
                },
                "comments_count": 0
              }
            }
          ]
        },
        "establishment": [
          "Fine Dining"
        ],
        "establishment_types": []
      }
    }
]
}